Tiempo_ms,PWM_porcentaje,RPM
11,0,42.9738
22,0,42.9738
32,0,42.9738
43,0,42.9738
53,0,42.9738
64,0,42.9738
74,0,42.9738
85,0,42.9738
95,0,42.9738
106,0,42.9738
116,0,42.9738
127,0,42.9738
137,0,42.9738
148,0,42.9738
158,0,42.9738
169,0,42.9738
179,0,42.9738
190,0,42.9738
200,0,42.9738
211,0,42.9738
221,0,42.9738
232,0,42.9738
242,0,42.9738
253,0,42.9738
263,0,42.9738
274,0,42.9738
284,0,42.9738
295,0,42.9738
305,0,42.9738
316,0,42.9738
326,0,42.9738
337,0,42.9738
347,0,42.9738
358,0,42.9738
368,0,42.9738
379,0,42.9738
427,0,42.9738
438,0,42.9738
449,0,42.9738
459,0,42.9738
470,0,42.9738
480,0,42.9738
491,0,42.9738
501,0,42.9738
512,0,42.9738
522,0,42.9738
533,0,42.9738
543,0,42.9738
554,0,42.9738
564,0,42.9738
575,0,42.9738
585,0,42.9738
595,0,42.9738
606,0,42.9738
616,0,42.9738
627,0,42.9738
637,0,42.9738
648,0,42.9738
658,0,42.9738
669,0,42.9738
679,0,42.9738
690,0,42.9738
700,0,42.9738
711,0,42.9738
721,0,42.9738
732,0,42.9738
742,0,42.9738
753,0,42.9738
763,0,42.9738
774,0,42.9738
784,0,42.9738
795,0,42.9738
809,0,42.9738
820,0,42.9738
830,0,42.9738
841,0,42.9738
851,0,42.9738
862,0,42.9738
872,0,42.9738
883,0,42.9738
893,0,42.9738
904,0,42.9738
914,0,42.9738
925,0,42.9738
935,0,42.9738
946,0,42.9738
956,0,42.9738
966,0,42.9738
977,0,42.9738
987,0,42.9738
998,0,42.9738
1008,0,42.9738
1019,0,42.9738
1029,0,42.9738
1040,0,42.9738
1050,0,42.9738
1061,0,42.9738
1071,0,42.9738
1082,0,42.9738
1092,0,42.9738
1103,0,42.9738
1113,0,42.9738
1124,0,42.9738
1134,0,42.9738
1145,0,42.9738
1155,0,42.9738
1166,0,42.9738
1176,0,42.9738
1187,0,42.9738
1197,0,42.9738
1208,0,42.9738
1218,0,42.9738
1229,0,42.9738
1239,0,42.9738
1250,0,42.9738
1260,0,42.9738
1271,0,42.9738
1281,0,42.9738
1292,0,42.9738
1302,0,42.9738
1313,0,42.9738
1323,0,42.9738
1334,0,42.9738
1344,0,42.9738
1354,0,42.9738
1365,0,42.9738
1375,0,42.9738
1386,0,42.9738
1396,0,42.9738
1407,0,42.9738
1417,0,42.9738
1428,0,42.9738
1438,0,42.9738
1449,0,42.9738
1459,0,42.9738
1470,0,42.9738
1480,0,42.9738
1491,0,42.9738
1501,0,42.9738
1512,0,42.9738
1522,0,42.9738
1533,0,42.9738
1546,0,42.9738
1557,0,42.9738
1568,0,42.9738
1578,0,42.9738
1589,0,42.9738
1599,0,42.9738
1610,0,42.9738
1620,0,42.9738
1631,0,42.9738
1641,0,42.9738
1652,0,42.9738
1662,0,42.9738
1673,0,42.9738
1683,0,42.9738
1694,0,42.9738
1704,0,42.9738
1715,0,42.9738
1725,0,42.9738
1736,0,42.9738
1746,0,42.9738
1757,0,42.9738
1767,0,42.9738
1778,0,42.9738
1788,0,42.9738
1798,0,42.9738
1809,0,42.9738
1819,0,42.9738
1830,0,42.9738
1840,0,42.9738
1851,0,42.9738
1861,0,42.9738
1872,0,42.9738
1882,0,42.9738
1893,0,42.9738
1903,0,42.9738
1914,0,42.9738
1924,0,42.9738
1935,0,42.9738
1945,0,42.9738
1956,0,42.9738
1966,0,42.9738
1977,0,42.9738
1987,0,42.9738
1998,0,42.9738
2008,0,42.9738
2020,10,42.9738
2030,10,42.9738
2041,10,42.9738
2051,10,42.9738
2062,10,42.9738
2072,10,42.9738
2083,10,42.9738
2093,10,42.9738
2104,10,42.9738
2114,10,42.9738
2125,10,42.9738
2135,10,42.9738
2146,10,42.9738
2156,10,42.9738
2167,10,42.9738
2177,10,42.9738
2188,10,42.9738
2198,10,42.9738
2209,10,42.9738
2219,10,42.9738
2230,10,42.9738
2240,10,42.9738
2254,10,42.9738
2265,10,42.9738
2276,10,42.9738
2286,10,42.9738
2297,10,42.9738
2307,10,42.9738
2318,10,42.9738
2328,10,42.9738
2339,10,42.9738
2349,10,42.9738
2360,10,42.9738
2370,10,42.9738
2381,10,42.9738
2391,10,42.9738
2402,10,42.9738
2412,10,42.9738
2423,10,42.9738
2433,10,42.9738
2444,10,42.9738
2454,10,42.9738
2465,10,42.9738
2475,10,42.9738
2486,10,42.9738
2496,10,42.9738
2507,10,42.9738
2517,10,42.9738
2528,10,42.9738
2538,10,42.9738
2549,10,42.9738
2559,10,42.9738
2570,10,42.9738
2580,10,42.9738
2591,10,42.9738
2601,10,42.9738
2612,10,42.9738
2622,10,42.9738
2633,10,42.9738
2643,10,42.9738
2654,10,42.9738
2664,10,42.9738
2675,10,42.9738
2685,10,42.9738
2696,10,42.9738
2706,10,42.9738
2717,10,42.9738
2727,10,42.9738
2738,10,42.9738
2748,10,42.9738
2759,10,42.9738
2769,10,42.9738
2780,10,42.9738
2790,10,42.9738
2801,10,42.9738
2811,10,42.9738
2822,10,42.9738
2832,10,42.9738
2843,10,42.9738
2853,10,42.9738
2864,10,42.9738
2874,10,42.9738
2885,10,42.9738
2895,10,42.9738
2906,10,42.9738
2916,10,42.9738
2966,10,42.9738
2977,10,42.9738
2987,10,42.9738
2998,10,42.9738
3008,10,42.9738
3019,10,42.9738
3029,10,42.9738
3040,10,42.9738
3050,10,42.9738
3061,10,42.9738
3071,10,42.9738
3082,10,42.9738
3092,10,42.9738
3103,10,42.9738
3113,10,42.9738
3124,10,42.9738
3134,10,42.9738
3145,10,42.9738
3155,10,42.9738
3166,10,42.9738
3176,10,42.9738
3187,10,42.9738
3197,10,42.9738
3208,10,42.9738
3218,10,42.9738
3229,10,42.9738
3239,10,42.9738
3250,10,42.9738
3260,10,42.9738
3271,10,42.9738
3281,10,42.9738
3292,10,42.9738
3302,10,42.9738
3313,10,42.9738
3323,10,42.9738
3334,10,42.9738
3344,10,42.9738
3355,10,42.9738
3365,10,42.9738
3376,10,42.9738
3386,10,42.9738
3397,10,42.9738
3407,10,42.9738
3418,10,42.9738
3428,10,42.9738
3439,10,42.9738
3449,10,42.9738
3460,10,42.9738
3470,10,42.9738
3481,10,42.9738
3491,10,42.9738
3502,10,42.9738
3512,10,42.9738
3523,10,42.9738
3533,10,42.9738
3544,10,42.9738
3554,10,42.9738
3565,10,42.9738
3575,10,42.9738
3586,10,42.9738
3596,10,42.9738
3607,10,42.9738
3617,10,42.9738
3631,10,42.9738
3642,10,42.9738
3652,10,42.9738
3663,10,42.9738
3673,10,42.9738
3684,10,42.9738
3694,10,42.9738
3705,10,42.9738
3715,10,42.9738
3726,10,42.9738
3736,10,42.9738
3747,10,42.9738
3757,10,42.9738
3768,10,42.9738
3778,10,42.9738
3789,10,42.9738
3799,10,42.9738
3810,10,42.9738
3820,10,42.9738
3831,10,42.9738
3841,10,42.9738
3852,10,42.9738
3862,10,42.9738
3873,10,42.9738
3883,10,42.9738
3894,10,42.9738
3904,10,42.9738
3915,10,42.9738
3925,10,42.9738
3936,10,42.9738
3946,10,42.9738
3957,10,42.9738
3967,10,42.9738
3978,10,42.9738
3988,10,42.9738
3999,10,42.9738
4009,10,42.9738
4021,20,42.9738
4031,20,42.9738
4042,20,42.9738
4052,20,42.9738
4063,20,42.9738
4074,20,42.9738
4084,20,42.9738
4095,20,42.9738
4105,20,42.9738
4116,20,42.9738
4126,20,42.9738
4137,20,42.9738
4147,20,42.9738
4158,20,42.9738
4168,20,42.9738
4179,20,42.9738
4189,20,42.9738
4200,20,42.9738
4210,20,42.9738
4221,20,42.9738
4231,20,42.9738
4242,20,42.9738
4252,20,42.9738
4263,20,42.9738
4273,20,42.9738
4284,20,42.9738
4294,20,42.9738
4308,20,42.9738
4319,20,42.9738
4329,20,42.9738
4340,20,42.9738
4350,20,42.9738
4361,20,42.9738
4371,20,42.9738
4382,20,42.9738
4392,20,42.9738
4403,20,42.9738
4413,20,42.9738
4424,20,42.9738
4434,20,42.9738
4445,20,42.9738
4455,20,42.9738
4466,20,42.9738
4476,20,42.9738
4487,20,42.9738
4497,20,42.9738
4508,20,42.9738
4518,20,42.9738
4529,20,42.9738
4539,20,42.9738
4550,20,42.9738
4560,20,42.9738
4571,20,42.9738
4581,20,42.9738
4592,20,42.9738
4602,20,42.9738
4613,20,42.9738
4623,20,42.9738
4634,20,42.9738
4644,20,42.9738
4655,20,42.9738
4665,20,42.9738
4676,20,42.9738
4686,20,42.9738
4697,20,42.9738
4707,20,42.9738
4718,20,42.9738
4728,20,42.9738
4739,20,42.9738
4749,20,42.9738
4760,20,42.9738
4770,20,42.9738
4781,20,42.9738
4791,20,42.9738
4802,20,42.9738
4812,20,42.9738
4823,20,42.9738
4833,20,42.9738
4844,20,42.9738
4854,20,42.9738
4865,20,42.9738
4875,20,42.9738
4886,20,42.9738
4896,20,42.9738
4907,20,42.9738
4917,20,42.9738
4928,20,42.9738
4938,20,42.9738
4949,20,42.9738
4959,20,42.9738
4970,20,42.9738
4984,20,42.9738
4994,20,42.9738
5005,20,42.9738
5016,20,42.9738
5026,20,42.9738
5037,20,42.9738
5047,20,42.9738
5058,20,42.9738
5068,20,42.9738
5079,20,42.9738
5089,20,42.9738
5100,20,42.9738
5110,20,42.9738
5121,20,42.9738
5131,20,42.9738
5142,20,42.9738
5152,20,42.9738
5163,20,42.9738
5173,20,42.9738
5184,20,42.9738
5194,20,42.9738
5205,20,42.9738
5215,20,42.9738
5226,20,42.9738
5236,20,42.9738
5247,20,42.9738
5257,20,42.9738
5268,20,42.9738
5278,20,42.9738
5289,20,42.9738
5299,20,42.9738
5310,20,42.9738
5320,20,42.9738
5331,20,42.9738
5341,20,42.9738
5352,20,42.9738
5362,20,42.9738
5373,20,42.9738
5383,20,42.9738
5394,20,42.9738
5404,20,42.9738
5414,20,42.9738
5425,20,42.9738
5435,20,42.9738
5446,20,42.9738
5457,20,42.9738
5467,20,42.9738
5477,20,42.9738
5488,20,42.9738
5498,20,42.9738
5509,20,42.9738
5519,20,42.9738
5530,20,42.9738
5540,20,42.9738
5551,20,42.9738
5561,20,42.9738
5572,20,42.9738
5582,20,42.9738
5593,20,42.9738
5603,20,42.9738
5614,20,42.9738
5624,20,42.9738
5635,20,42.9738
5645,20,42.9738
5695,20,42.9738
5706,20,42.9738
5717,20,42.9738
5727,20,42.9738
5738,20,42.9738
5748,20,42.9738
5759,20,42.9738
5769,20,42.9738
5780,20,42.9738
5790,20,42.9738
5801,20,42.9738
5811,20,42.9738
5822,20,42.9738
5832,20,42.9738
5843,20,42.9738
5853,20,42.9738
5864,20,42.9738
5874,20,42.9738
5885,20,42.9738
5895,20,42.9738
5906,20,42.9738
5916,20,42.9738
5927,20,42.9738
5937,20,42.9738
5948,20,42.9738
5958,20,42.9738
5969,20,42.9738
5979,20,42.9738
5990,20,42.9738
6000,20,42.9738
6011,20,42.9738
6022,30,42.9738
6033,30,42.9738
6043,30,0.7643
6054,30,0.7643
6064,30,290.0232
6075,30,290.0232
6086,30,1527.4949
6097,30,696.7023
6108,30,824.6289
6119,30,726.7442
6129,30,741.1067
6140,30,748.5030
6151,30,721.1539
6162,30,759.8784
6173,30,772.3996
6183,30,777.2021
6194,30,1319.2612
6205,30,847.9367
6216,30,925.9259
6227,30,1003.3445
6238,30,1033.0579
6249,30,1102.1307
6259,30,1043.8413
6270,30,979.1122
6281,30,980.3922
6292,30,948.7666
6303,30,1521.2982
6313,30,1004.6885
6324,30,1069.1376
6335,30,1138.9521
6346,30,1155.6240
6360,30,1202.8870
6372,30,1094.0919
6383,30,1057.8279
6394,30,987.4918
6405,30,1740.1392
6415,30,1030.9279
6426,30,1090.9091
6437,30,1153.8462
6448,30,1187.6484
6459,30,1209.6774
6470,30,1102.9412
6481,30,1061.5712
6492,30,1016.9492
6503,30,990.7530
6513,30,993.3775
6524,30,1026.6941
6535,30,1102.1307
6546,30,1166.4075
6557,30,1216.5450
6568,30,1134.6445
6579,30,1020.4081
6589,30,1028.1014
6600,30,969.6186
6611,30,982.9620
6622,30,1014.8850
6633,30,1063.0758
6644,30,1140.6844
6655,30,1195.2191
6666,30,1185.7708
6677,30,1041.6666
6687,30,1033.0579
6698,30,994.0358
6709,30,951.7767
6720,30,959.6929
6731,30,1011.4633
6741,30,1060.8203
6752,30,1120.2390
6763,30,1189.5321
6774,30,1104.5656
6785,30,1001.3351
6796,30,1023.1924
6807,30,943.3962
6818,30,1578.9474
6828,30,992.0635
6839,30,1049.6851
6850,30,1126.1261
6861,30,1132.9305
6872,30,1182.9653
6883,30,1117.7347
6894,30,1000.6671
6905,30,1026.6941
6915,30,966.4949
6926,30,1639.3442
6937,30,1007.3875
6948,30,1060.0707
6959,30,1136.3636
6970,30,1190.4762
6984,30,1115.2416
6995,30,1000.0000
7006,30,1019.7145
7017,30,936.3296
7028,30,1683.5017
7039,30,988.1423
7050,30,1048.9510
7061,30,1125.2814
7071,30,1137.2252
7082,30,1203.8523
7093,30,1115.2416
7104,30,994.0358
7115,30,1023.1924
7126,30,936.9144
7137,30,952.9860
7148,30,981.0333
7159,30,1045.2961
7170,30,1100.5135
7180,30,1167.3152
7191,30,1164.5963
7202,30,1069.9001
7213,30,1025.9918
7224,30,966.4949
7235,30,942.2111
7253,30,996.0159
7264,30,1052.6316
7275,30,1125.2814
7286,30,1189.5321
7297,30,1178.3190
7308,30,1091.7030
7318,30,1045.2961
7329,30,1001.3351
7340,30,966.4949
7351,30,981.6754
7362,30,1014.8850
7373,30,1145.0382
7384,30,1171.8750
7395,30,1196.1722
7406,30,1123.5955
7416,30,1041.6666
7427,30,2645.5027
7438,30,981.6754
7449,30,1655.6292
7460,30,1030.9279
7471,30,1090.1163
7482,30,1144.1648
7493,30,1200.0000
7503,30,1213.5923
7514,30,1133.7869
7525,30,10948.9053
7536,30,1000.0000
7547,30,1773.0497
7558,30,1041.6666
7569,30,1102.9412
7580,30,1177.3940
7591,30,1220.5045
7602,30,1224.4897
7612,30,1135.5034
7627,30,1080.6917
7638,30,999.3338
7649,30,1023.8908
7660,30,1043.1155
7671,30,1108.6475
7682,30,1180.1731
7692,30,1228.5012
7703,30,1237.6238
7714,30,1145.0382
7725,30,1083.8151
7736,30,1004.6885
7747,30,1748.2517
7758,30,1030.9279
7768,30,1076.0402
7779,30,1150.3068
7790,30,1156.5150
7801,30,1181.1024
7812,30,1066.0980
7823,30,1025.9918
7834,30,953.5919
7844,30,943.9899
7855,30,957.2432
7866,30,993.3775
7877,30,1048.9510
7888,30,1109.4674
7898,30,1182.0331
7909,30,1170.9602
7920,30,1048.9510
7931,30,1032.3469
7942,30,980.3922
7953,30,956.6326
7964,30,961.5385
7974,30,1002.6738
7985,30,1071.4286
7996,30,1151.1896
8007,30,1207.7295
8018,30,1128.6682
8030,40,1069.1376
8041,40,1097.2933
8052,40,1110.2887
8063,40,1162.7906
8074,40,1326.2599
8085,40,1479.2899
8095,40,1564.1293
8106,40,1515.1515
8117,40,1489.5730
8128,40,1373.6263
8139,40,1400.5602
8150,40,1544.7992
8161,40,1687.2891
8172,40,1693.0022
8182,40,1573.9769
8193,40,1473.4774
8204,40,2384.7378
8215,40,1538.4615
8226,40,1785.7142
8237,40,1845.0184
8285,40,1746.2166
8296,40,1863.3540
8307,40,1943.0051
8318,40,1714.2858
8329,40,1619.8704
8339,40,1637.5546
8350,40,1809.4089
8361,40,1928.0205
8372,40,1896.3337
8383,40,1783.5909
8394,40,1666.6666
8405,40,1740.1392
8416,40,1849.5685
8427,40,2024.2915
8437,40,1940.4916
8448,40,1798.5612
8459,40,2595.1558
8470,40,1785.7142
8481,40,1896.3337
8492,40,2086.2310
8503,40,1762.6322
8513,40,1726.1219
8524,40,1722.1584
8535,40,1918.1586
8546,40,2043.5967
8557,40,1997.3369
8568,40,1856.4357
8579,40,1740.1392
8590,40,1829.2683
8600,40,1937.9845
8611,40,2139.8003
8622,40,1893.9395
8633,40,1777.2512
8644,40,1762.6322
8655,40,1854.1409
8666,40,2136.7522
8676,40,2024.2915
8687,40,1822.6002
8698,40,2669.0391
8709,40,1856.4357
8720,40,1971.0907
8731,40,2136.7522
8742,40,1945.5253
8753,40,1775.1479
8763,40,1879.6992
8774,40,2106.7415
8785,40,2177.0681
8796,40,1943.0051
8807,40,1833.7408
8818,40,1807.2289
8829,40,1981.5060
8839,40,2164.5022
8850,40,2057.6133
8861,40,1896.3337
8872,40,1835.9854
8883,40,2002.6702
8894,40,2115.6558
8908,40,1978.8918
8919,40,1818.1818
8930,40,2742.2305
8941,40,2010.7239
8952,40,2136.7522
8963,40,2089.1365
8974,40,1822.6002
8985,40,1833.7408
8995,40,1898.7341
9006,40,2145.9229
9017,40,2199.4136
9028,40,1994.6809
9039,40,1847.2906
9050,40,1920.6146
9061,40,2139.8003
9071,40,2199.4136
9082,40,1971.0907
9093,40,1796.4072
9104,40,1851.8518
9115,40,2013.4229
9126,40,2202.6431
9136,40,2100.8403
9147,40,1796.4072
9158,40,2782.9314
9169,40,2029.7700
9180,40,2148.9971
9191,40,2100.8403
9202,40,1918.1586
9212,40,1824.8175
9223,40,1920.6146
9234,40,2130.6819
9245,40,2086.2310
9256,40,1992.0319
9267,40,1835.9854
9278,40,1913.2653
9289,40,2133.7126
9300,40,2080.4438
9310,40,1978.8918
9321,40,1849.5685
9332,40,1838.2354
9343,40,2010.7239
9354,40,2202.6431
9365,40,2086.2310
9376,40,1867.9950
9387,40,1831.5018
9398,40,2029.7700
9409,40,2139.8003
9419,40,2094.9722
9430,40,1915.7089
9441,40,1827.0402
9452,40,2016.1290
9463,40,2145.9229
9474,40,2202.6431
9485,40,1994.6809
9496,40,1750.2917
9507,40,1913.2653
9517,40,2038.0435
9532,40,2097.9021
9543,40,1937.9845
9554,40,1754.3860
9565,40,1928.0205
9575,40,2161.3833
9586,40,2235.4695
9597,40,1989.3899
9608,40,1838.2354
9619,40,1918.1586
9630,40,2164.5022
9641,40,2218.9348
9652,40,1901.1406
9663,40,1879.6992
9674,40,1935.4839
9685,40,2148.9971
9695,40,2235.4695
9706,40,1994.6809
9717,40,1908.3970
9728,40,1851.8518
9739,40,2046.3848
9750,40,2112.6760
9761,40,2013.4229
9772,40,1920.6146
9782,40,1856.4357
9793,40,2016.1290
9804,40,2183.4060
9815,40,2133.7126
9826,40,1955.6714
9837,40,1865.6716
9848,40,2077.5623
9859,40,2212.3894
9870,40,2013.4229
9880,40,1965.9240
9891,40,1877.3467
9902,40,1950.5852
9913,40,2173.9131
9924,40,2232.1428
9935,40,2046.3848
9946,40,1886.7925
9957,40,1948.0520
9967,40,2202.6431
9978,40,2130.6819
9989,40,2043.5967
10000,40,1794.2584
10011,40,1879.6992
10022,40,2199.4136
10033,50,2304.1475
10044,50,2148.9971
10055,50,2054.7944
10066,50,2212.3894
10077,50,2533.7837
10088,50,2529.5110
10099,50,2297.0903
10110,50,2380.9524
10121,50,2692.9983
10132,50,2604.1667
10146,50,2411.5757
10157,50,2512.5627
10168,50,2912.6213
10179,50,2835.5388
10190,50,2495.8403
10201,50,2446.9819
10212,50,3000.0000
10223,50,2555.3662
10234,50,2396.1660
10244,50,2830.1887
10255,50,3118.5032
10266,50,2599.6533
10277,50,2431.1184
10288,50,2901.3540
10299,50,3105.5901
10309,50,2737.2263
10320,50,2702.7026
10331,50,3099.1736
10342,50,2782.9314
10353,50,2551.0205
10364,50,2577.3196
10375,50,3118.5032
10385,50,3042.5964
10396,50,2712.4773
10407,50,3048.7805
10418,50,3218.8840
10429,50,2895.7529
10440,50,2692.9983
10451,50,3036.4373
10462,50,3048.7805
10472,50,2777.7778
10483,50,2604.1667
10494,50,2895.7529
10505,50,3105.5901
10516,50,2551.0205
10527,50,2964.4268
10538,50,3253.7961
10549,50,2918.2878
10559,50,2577.3196
10570,50,3232.7585
10581,50,3000.0000
10592,50,2599.6533
10603,50,2673.7969
10614,50,3191.4893
10625,50,3171.2473
10635,50,2762.4309
10646,50,2777.7778
10657,50,3048.7805
10668,50,2923.9766
10679,50,2529.5110
10690,50,2988.0479
10701,50,3080.0820
10712,50,2586.2068
10722,50,2683.3630
10774,50,3198.2942
10785,50,2697.8418
10796,50,2581.7556
10807,50,2762.4309
10818,50,3253.7961
10829,50,2636.2039
10840,50,2737.2263
10850,50,3253.7961
10861,50,2857.1428
10872,50,2572.8987
10883,50,2824.8586
10894,50,3348.2144
10905,50,3006.0120
10916,50,2757.3530
10927,50,2994.0120
10938,50,3006.0120
10948,50,2923.9766
10959,50,2906.9768
10970,50,3157.8948
10981,50,3125.0000
10992,50,2752.2935
11003,50,3036.4373
11014,50,3246.7532
11025,50,2906.9768
11035,50,2722.3230
11046,50,2988.0479
11057,50,3282.2756
11068,50,2851.7109
11079,50,2814.2590
11090,50,3177.9661
11101,50,3118.5032
11111,50,2722.3230
11122,50,2772.6433
11133,50,3260.8696
11144,50,2941.1765
11155,50,2772.6433
11166,50,3184.7134
11177,50,3105.5901
11187,50,2599.6533
11198,50,2912.6213
11209,50,2952.7559
11220,50,2717.3914
11231,50,2727.2727
11242,50,2782.9314
11253,50,3275.1091
11264,50,2851.7109
11274,50,2727.2727
11285,50,3198.2942
11296,50,3118.5032
11307,50,2788.1040
11318,50,2645.5027
11329,50,3018.1086
11340,50,2737.2263
11354,50,2851.7109
11365,50,3191.4893
11376,50,3118.5032
11387,50,2645.5027
11398,50,3036.4373
11409,50,3267.9739
11420,50,2757.3530
11431,50,2564.1025
11441,50,3318.5840
11452,50,2857.1428
11463,50,2622.3777
11474,50,2640.8450
11485,50,3303.9648
11496,50,2737.2263
11507,50,2559.7271
11518,50,2793.2961
11529,50,3311.2583
11539,50,2906.9768
11550,50,2737.2263
11561,50,3296.7034
11572,50,2884.6155
11583,50,2840.9092
11594,50,3061.2246
11605,50,3092.7834
11616,50,3042.5964
11626,50,2564.1025
11637,50,2964.4268
11648,50,3239.7407
11659,50,2830.1887
11670,50,2868.0688
11681,50,3267.9739
11692,50,2742.2305
11703,50,2814.2590
11714,50,3067.4846
11724,50,3333.3333
11735,50,2717.3914
11746,50,2555.3662
11757,50,3253.7961
11768,50,3131.5239
11779,50,2767.5276
11790,50,3054.9897
11801,50,3112.0332
11811,50,3054.9897
11822,50,2559.7271
11833,50,3303.9648
11844,50,2941.1765
11855,50,2819.5488
11866,50,2659.5745
11877,50,3048.7805
11888,50,2742.2305
11899,50,2752.2935
11909,50,3042.5964
11920,50,3318.5840
11931,50,2895.7529
11945,50,2879.0786
11957,50,3048.7805
11968,50,2803.7383
11979,50,2559.7271
11989,50,2964.4268
12000,50,3318.5840
12011,50,2636.2039
12022,50,2857.1428
12034,60,3370.7866
12045,60,2873.5632
12056,60,4132.2314
12067,60,3211.9915
12078,60,3275.1091
12089,60,3171.2473
12099,60,3496.5034
12110,60,3488.3721
12121,60,3030.3030
12132,60,3676.4707
12143,60,3623.1885
12154,60,3125.0000
12165,60,3731.3433
12176,60,3712.8713
12186,60,3496.5034
12197,60,3740.6484
12208,60,4201.6807
12219,60,3211.9915
12230,60,3816.7939
12241,60,4385.9648
12252,60,3623.1885
12263,60,3512.8806
12274,60,3731.3433
12284,60,3325.9424
12295,60,4065.0408
12306,60,4054.0540
12317,60,3282.2756
12328,60,3722.0845
12339,60,4201.6807
12350,60,3311.2583
12361,60,3886.0103
12372,60,3605.7693
12382,60,3554.5024
12393,60,4385.9648
12404,60,3480.2783
12415,60,3416.8564
12426,60,3875.9690
12437,60,3816.7939
12448,60,3579.9521
12458,60,4043.1267
12469,60,3658.5366
12480,60,3731.3433
12491,60,3685.5037
12502,60,3768.8442
12513,60,4261.3638
12524,60,3836.3171
12538,60,3504.6729
12549,60,4451.0386
12560,60,3836.3171
12571,60,4166.6665
12582,60,4437.8696
12593,60,3759.3984
12604,60,3916.4490
12615,60,3816.7939
12626,60,3378.3784
12637,60,4424.7788
12648,60,3916.4490
12659,60,3649.6350
12670,60,4451.0386
12680,60,3937.0078
12691,60,3521.1267
12702,60,4491.0181
12713,60,3712.8713
12724,60,4021.4478
12735,60,4424.7788
12746,60,3658.5366
12757,60,3605.7693
12768,60,3856.0410
12779,60,3623.1885
12789,60,4297.9941
12800,60,3640.7766
12811,60,3393.6650
12822,60,4464.2856
12833,60,3947.3684
12844,60,3916.4490
12855,60,4054.0540
12866,60,3378.3784
12877,60,3906.2500
12888,60,4360.4653
12898,60,3778.3376
12909,60,3740.6484
12920,60,4143.6465
12931,60,3393.6650
12942,60,3896.1040
12953,60,3640.7766
12964,60,3401.3606
12975,60,4477.6118
12985,60,3916.4490
12996,60,3440.3669
13007,60,4385.9648
13018,60,3424.6575
13029,60,3440.3669
13040,60,4021.4478
13051,60,3667.4817
13062,60,4076.0869
13072,60,4335.2603
13083,60,3667.4817
13094,60,3937.0078
13105,60,4178.2729
13116,60,3750.0000
13163,60,4032.2581
13175,60,3614.4578
13186,60,3937.0078
13197,60,3740.6484
13208,60,3649.6350
13219,60,4273.5044
13229,60,3896.1040
13240,60,3896.1040
13251,60,4411.7646
13262,60,3846.1538
13273,60,3816.7939
13284,60,4385.9648
13295,60,3464.2031
13305,60,3722.0845
13316,60,4411.7646
13327,60,3333.3333
13338,60,3614.4578
13349,60,3826.5305
13360,60,3694.5813
13371,60,4285.7144
13382,60,3989.3618
13393,60,3282.2756
13404,60,4261.3638
13415,60,4010.6951
13425,60,3440.3669
13436,60,3875.9690
13447,60,3712.8713
13458,60,4132.2314
13469,60,3875.9690
13480,60,3424.6575
13490,60,4054.0540
13501,60,4098.3608
13512,60,3722.0845
13523,60,3797.4683
13534,60,4155.1245
13545,60,3631.9612
13556,60,3947.3684
13567,60,3521.1267
13578,60,3750.0000
13588,60,4518.0723
13599,60,3424.6575
13610,60,3424.6575
13621,60,4491.0181
13632,60,3472.2222
13643,60,4032.2581
13653,60,4451.0386
13664,60,3340.7573
13675,60,4054.0540
13686,60,4310.3447
13697,60,3658.5366
13708,60,3836.3171
13719,60,3504.6729
13730,60,3614.4578
13744,60,3886.0103
13755,60,3340.7573
13766,60,4043.1267
13777,60,3865.9795
13788,60,3740.6484
13799,60,3957.7837
13810,60,3521.1267
13821,60,3649.6350
13832,60,4437.8696
13842,60,3623.1885
13853,60,3916.4490
13864,60,4032.2581
13875,60,3537.7358
13886,60,3968.2539
13897,60,4373.1777
13908,60,3797.4683
13919,60,3768.8442
13929,60,3722.0845
13940,60,3386.0044
13951,60,3916.4490
13962,60,3740.6484
13973,60,3631.9612
13984,60,3937.0078
13995,60,3968.2539
14006,60,3554.5024
14016,60,4360.4653
14027,60,3432.4944
14039,70,3685.5037
14050,70,4587.1558
14061,70,3464.2031
14072,70,4746.8354
14083,70,3957.7837
14094,70,4297.9941
14105,70,5119.4541
14116,70,3937.0078
14127,70,4615.3848
14138,70,4143.6465
14148,70,3916.4490
14159,70,5136.9863
14170,70,4504.5044
14181,70,5154.6392
14192,70,4335.2603
14203,70,4559.2705
14214,70,4838.7095
14225,70,5263.1577
14236,70,4573.1709
14247,70,4201.6807
14257,70,4950.4951
14268,70,4411.7646
14279,70,4132.2314
14290,70,4918.0327
14301,70,4109.5889
14312,70,5617.9775
14323,70,4854.3691
14337,70,4702.1943
14349,70,4285.7144
14360,70,4587.1558
14371,70,5067.5674
14382,70,4347.8262
14393,70,4716.9810
14403,70,4178.2729
14414,70,5000.0000
14425,70,4870.1299
14436,70,4761.9048
14447,70,4531.7222
14458,70,5136.9863
14469,70,5494.5054
14480,70,4731.8613
14491,70,5494.5054
14502,70,4746.8354
14512,70,5639.0977
14523,70,4360.4653
14534,70,5102.0410
14545,70,4518.0723
14556,70,4385.9648
14567,70,4854.3691
14578,70,4807.6924
14589,70,5033.5571
14600,70,4261.3638
14611,70,5660.3774
14622,70,4966.8872
14632,70,4658.3853
14643,70,5338.0781
14654,70,4731.8613
14665,70,4983.3887
14676,70,4213.4829
14687,70,4885.9937
14698,70,5050.5049
14709,70,4687.5000
14720,70,4918.0327
14731,70,4838.7095
14742,70,5050.5049
14753,70,4761.9048
14764,70,5050.5049
14774,70,4297.9941
14785,70,4934.2104
14796,70,4545.4546
14807,70,5084.7456
14818,70,4807.6924
14829,70,4398.8271
14840,70,5859.3750
14851,70,4746.8354
14862,70,4934.2104
14873,70,4225.3521
14883,70,4672.8970
14894,70,5208.3335
14905,70,4285.7144
14916,70,4792.3320
14930,70,5033.5571
14942,70,4807.6924
14953,70,4087.1934
14964,70,5033.5571
14975,70,4213.4829
14986,70,4983.3887
14997,70,5033.5571
15008,70,4658.3853
15019,70,5190.3115
15029,70,5033.5571
15040,70,5357.1431
15051,70,5703.4219
15062,70,5084.7456
15073,70,4854.3691
15084,70,4731.8613
15095,70,4934.2104
15106,70,4615.3848
15117,70,4792.3320
15127,70,4098.3608
15138,70,4966.8872
15149,70,4777.0698
15160,70,5617.9775
15171,70,5000.0000
15182,70,4615.3848
15193,70,4504.5044
15204,70,4360.4653
15215,70,5905.5117
15226,70,4054.0540
15237,70,5000.0000
15247,70,4934.2104
15258,70,5703.4219
15269,70,4531.7222
15280,70,4385.9648
15291,70,5535.0552
15302,70,4166.6665
15313,70,5813.9536
15324,70,4672.8970
15335,70,4901.9609
15346,70,4373.1777
15357,70,5190.3115
15368,70,4531.7222
15378,70,5000.0000
15389,70,5905.5117
15400,70,5434.7827
15411,70,4934.2104
15422,70,4297.9941
15433,70,4950.4951
15444,70,4360.4653
15455,70,4385.9648
15465,70,5281.6899
15476,70,4132.2314
15487,70,5769.2310
15498,70,4870.1299
15509,70,4901.9609
15559,70,5681.8184
15570,70,4285.7144
15581,70,4643.9629
15592,70,4531.7222
15603,70,4983.3887
15614,70,4870.1299
15625,70,4201.6807
15636,70,5836.5757
15647,70,4823.1514
15658,70,5769.2310
15669,70,4545.4546
15680,70,5119.4541
15691,70,4792.3320
15702,70,4746.8354
15712,70,4838.7095
15723,70,4213.4829
15734,70,4934.2104
15745,70,4918.0327
15756,70,5119.4541
15767,70,4504.5044
15778,70,4273.5044
15789,70,4777.0698
15800,70,5617.9775
15811,70,5033.5571
15822,70,4261.3638
15833,70,4934.2104
15843,70,4559.2705
15854,70,5067.5674
15865,70,4792.3320
15876,70,4823.1514
15887,70,4983.3887
15898,70,4746.8354
15909,70,4918.0327
15920,70,4335.2603
15931,70,4672.8970
15942,70,4477.6118
15953,70,4285.7144
15963,70,4643.9629
15974,70,5703.4219
15985,70,5859.3750
15996,70,4310.3447
16007,70,4934.2104
16018,70,4261.3638
16029,70,5067.5674
16041,80,4615.3848
16052,80,4347.8262
16063,80,5067.5674
16074,80,4491.0181
16085,80,6437.7681
16096,80,6302.5210
16106,80,5514.7061
16117,80,5415.1626
16128,80,5725.1909
16143,80,4934.2104
16154,80,5494.5054
16165,80,4983.3887
16176,80,5535.0552
16187,80,5905.5117
16198,80,5535.0552
16209,80,5102.0410
16220,80,5617.9775
16231,80,5976.0957
16242,80,6787.3301
16253,80,5154.6392
16264,80,5639.0977
16275,80,5226.4810
16286,80,6355.9321
16296,80,5576.2080
16307,80,5357.1431
16318,80,5555.5557
16329,80,5226.4810
16340,80,5617.9775
16351,80,6437.7681
16362,80,5617.9775
16373,80,5281.6899
16384,80,6756.7568
16395,80,5190.3115
16406,80,5952.3809
16416,80,5190.3115
16427,80,7246.3770
16438,80,5119.4541
16449,80,6000.0000
16460,80,5136.9863
16471,80,7500.0000
16482,80,5102.0410
16493,80,6072.8745
16504,80,5976.0957
16515,80,6097.5610
16526,80,5791.5059
16536,80,5859.3750
16547,80,5319.1489
16558,80,7042.2534
16569,80,5395.6836
16580,80,7009.3457
16591,80,5597.0151
16602,80,6198.3472
16613,80,6666.6665
16624,80,5281.6899
16635,80,5905.5117
16646,80,6276.1504
16657,80,6880.7339
16668,80,5263.1577
16678,80,7211.5386
16689,80,6000.0000
16700,80,6000.0000
16711,80,5102.0410
16722,80,7009.3457
16736,80,5300.3535
16748,80,5474.4526
16759,80,5617.9775
16770,80,6493.5063
16781,80,6726.4575
16792,80,6276.1504
16802,80,5882.3530
16813,80,5244.7554
16824,80,6024.0962
16835,80,5050.5049
16846,80,7211.5386
16857,80,6097.5610
16868,80,6976.7441
16879,80,5119.4541
16890,80,7389.1626
16901,80,5136.9863
16912,80,6122.4492
16923,80,5136.9863
16933,80,5791.5059
16944,80,5300.3535
16955,80,7042.2534
16966,80,5119.4541
16977,80,5791.5059
16988,80,6756.7568
16999,80,5454.5454
17010,80,6696.4287
17021,80,6578.9473
17032,80,6787.3301
17043,80,6302.5210
17054,80,7246.3770
17064,80,6250.0000
17075,80,7211.5386
17086,80,5208.3335
17097,80,5747.1265
17108,80,5067.5674
17119,80,6147.5410
17130,80,5102.0410
17141,80,6072.8745
17152,80,5102.0410
17163,80,6122.4492
17174,80,5681.8184
17184,80,5836.5757
17195,80,5300.3535
17206,80,5813.9536
17217,80,5102.0410
17228,80,5555.5557
17239,80,6607.9297
17250,80,5494.5054
17261,80,6756.7568
17272,80,5555.5557
17283,80,5952.3809
17294,80,6302.5210
17305,80,6000.0000
17315,80,5033.5571
17330,80,6912.4424
17341,80,5338.0781
17352,80,5836.5757
17363,80,5357.1431
17374,80,5882.3530
17385,80,6726.4575
17396,80,5494.5054
17407,80,5639.0977
17418,80,5494.5054
17429,80,6726.4575
17440,80,5357.1431
17451,80,5952.3809
17462,80,5263.1577
17473,80,5976.0957
17483,80,5190.3115
17494,80,6072.8745
17505,80,6122.4492
17516,80,6147.5410
17527,80,5084.7456
17538,80,6072.8745
17549,80,5102.0410
17560,80,6097.5610
17571,80,5102.0410
17582,80,7042.2534
17592,80,6302.5210
17603,80,5836.5757
17614,80,5281.6899
17625,80,6944.4443
17636,80,6607.9297
17647,80,5494.5054
17658,80,5597.0151
17669,80,5454.5454
17680,80,5617.9775
17691,80,6276.1504
17702,80,5952.3809
17713,80,5208.3335
17724,80,5928.8535
17735,80,5172.4136
17745,80,7211.5386
17756,80,6000.0000
17767,80,6172.8394
17778,80,6000.0000
17789,80,7425.7427
17800,80,6550.2183
17811,80,7462.6865
17822,80,5119.4541
17833,80,6122.4492
17844,80,5338.0781
17854,80,5859.3750
17865,80,5319.1489
17876,80,7109.0049
17887,80,6302.5210
17898,80,5474.4526
17909,80,5681.8184
17962,80,5494.5054
17974,80,6024.0962
17985,80,5281.6899
17996,80,5725.1909
18006,80,4950.4951
18017,80,6048.3872
18028,80,5725.1909
18039,80,6122.4492
18051,90,6578.9473
18062,90,6276.1504
18073,90,5514.7061
18084,90,6172.8394
18095,90,6024.0962
18106,90,5976.0957
18117,90,6607.9297
18128,90,5681.8184
18139,90,6726.4575
18150,90,5681.8184
18161,90,6637.1680
18172,90,6382.9785
18182,90,6024.0962
18193,90,6912.4424
18204,90,7281.5532
18215,90,6756.7568
18226,90,6224.0664
18237,90,6437.7681
18248,90,6976.7441
18259,90,6000.0000
18270,90,7246.3770
18281,90,6276.1504
18292,90,6302.5210
18303,90,7142.8569
18314,90,6048.3872
18324,90,6944.4443
18335,90,6696.4287
18346,90,6355.9321
18357,90,7211.5386
18368,90,7462.6865
18379,90,6976.7441
18390,90,6787.3301
18401,90,6276.1504
18412,90,7246.3770
18423,90,6122.4492
18434,90,6550.2183
18445,90,7177.0337
18456,90,6224.0664
18467,90,7425.7427
18477,90,6355.9321
18488,90,6578.9473
18507,90,6355.9321
18518,90,7211.5386
18529,90,6172.8394
18540,90,7009.3457
18551,90,6756.7568
18565,90,6122.4492
18577,90,6578.9473
18588,90,7211.5386
18599,90,6097.5610
18610,90,7389.1626
18621,90,6302.5210
18632,90,6382.9785
18643,90,7281.5532
18653,90,6048.3872
18664,90,7075.4717
18675,90,6726.4575
18686,90,6355.9321
18697,90,7352.9414
18708,90,6147.5410
18719,90,6578.9473
18730,90,7177.0337
18741,90,6224.0664
18752,90,7352.9414
18763,90,6382.9785
18774,90,6607.9297
18784,90,7177.0337
18795,90,6224.0664
18806,90,7042.2534
18817,90,6787.3301
18828,90,6382.9785
18839,90,7425.7427
18850,90,6172.8394
18861,90,7042.2534
18872,90,6818.1816
18883,90,6198.3472
18894,90,7281.5532
18904,90,6355.9321
18915,90,6607.9297
18926,90,7211.5386
18937,90,6122.4492
18948,90,7389.1626
18959,90,6849.3149
18970,90,6410.2563
18981,90,7246.3770
18992,90,6122.4492
19003,90,7142.8569
19014,90,6726.4575
19025,90,6302.5210
19036,90,7317.0732
19046,90,6410.2563
19057,90,6666.6665
19068,90,6787.3301
19079,90,6198.3472
19090,90,7352.9414
19101,90,6355.9321
19112,90,6382.9785
19123,90,7246.3770
19134,90,6122.4492
19145,90,7075.4717
19159,90,7281.5532
19171,90,6147.5410
19182,90,6637.1680
19192,90,7142.8569
19203,90,6097.5610
19214,90,7389.1626
19225,90,6382.9785
19236,90,6410.2563
19247,90,7281.5532
19258,90,6122.4492
19269,90,7075.4717
19280,90,6726.4575
19291,90,6302.5210
19302,90,7425.7427
19313,90,6410.2563
19324,90,6607.9297
19334,90,7075.4717
19345,90,6147.5410
19356,90,7389.1626
19367,90,6410.2563
19378,90,6382.9785
19389,90,7317.0732
19400,90,6172.8394
19411,90,6696.4287
19422,90,6818.1816
19433,90,6276.1504
19444,90,7352.9414
19455,90,6382.9785
19466,90,6607.9297
19477,90,7142.8569
19488,90,6147.5410
19498,90,7425.7427
19509,90,6410.2563
19520,90,6355.9321
19531,90,7211.5386
19542,90,6122.4492
19553,90,7109.0049
19564,90,6787.3301
19575,90,6355.9321
19586,90,7352.9414
19597,90,6493.5063
19608,90,6578.9473
19618,90,7246.3770
19629,90,6198.3472
19640,90,7317.0732
19651,90,6410.2563
19662,90,6147.5410
19673,90,7246.3770
19684,90,6172.8394
19695,90,7075.4717
19706,90,6756.7568
19717,90,6382.9785
19728,90,7246.3770
19739,90,6329.1138
19753,90,6172.8394
19765,90,7352.9414
19776,90,6410.2563
19786,90,6437.7681
19797,90,7246.3770
19808,90,6147.5410
19819,90,7109.0049
19830,90,6696.4287
19841,90,6355.9321
19852,90,6944.4443
19863,90,6355.9321
19874,90,6607.9297
19885,90,7281.5532
19896,90,6172.8394
19907,90,7462.6865
19918,90,6465.5171
19929,90,6437.7681
19940,90,7211.5386
19950,90,6122.4492
19961,90,7109.0049
19972,90,6880.7339
19983,90,6329.1138
19994,90,7425.7427
20005,90,6437.7681
20016,90,6607.9297
20027,90,7211.5386
20038,90,6172.8394
20049,90,7352.9414
20061,100,6726.4575
20072,100,6355.9321
20083,100,7425.7427
20094,100,6437.7681
20105,100,6578.9473
20116,100,7246.3770
20127,100,6224.0664
20137,100,7142.8569
20148,100,6818.1816
20159,100,6465.5171
20170,100,7462.6865
20181,100,6198.3472
20192,100,6696.4287
20203,100,7211.5386
20214,100,6198.3472
20225,100,7575.7578
20236,100,6437.7681
20247,100,6465.5171
20258,100,7389.1626
20269,100,6250.0000
20280,100,7075.4717
20290,100,6912.4424
20301,100,6302.5210
20312,100,7425.7427
20360,100,6849.3149
20372,100,6250.0000
20383,100,7537.6885
20394,100,6493.5063
20405,100,6726.4575
20415,100,7317.0732
20426,100,6172.8394
20437,100,7142.8569
20448,100,6787.3301
20459,100,6355.9321
20470,100,7425.7427
20481,100,6493.5063
20492,100,6666.6665
20503,100,7246.3770
20514,100,6198.3472
20525,100,7109.0049
20536,100,6818.1816
20547,100,6465.5171
20558,100,7500.0000
20568,100,6276.1504
20579,100,6637.1680
20590,100,7211.5386
20601,100,6302.5210
20612,100,7537.6885
20623,100,6410.2563
20634,100,6465.5171
20645,100,7317.0732
20656,100,6250.0000
20667,100,7109.0049
20678,100,6787.3301
20689,100,6355.9321
20700,100,7537.6885
20711,100,6493.5063
20721,100,6696.4287
20732,100,7352.9414
20743,100,6250.0000
20754,100,7142.8569
20765,100,6880.7339
20776,100,6410.2563
20787,100,7425.7427
20798,100,6465.5171
20809,100,6787.3301
20820,100,7246.3770
20831,100,6224.0664
20842,100,7109.0049
20853,100,6849.3149
20864,100,6410.2563
20874,100,7425.7427
20885,100,6465.5171
20896,100,6666.6665
20907,100,7246.3770
20922,100,6521.7393
20933,100,6521.7393
20944,100,7425.7427
20955,100,6224.0664
20966,100,6637.1680
20977,100,7352.9414
20988,100,6329.1138
20999,100,7500.0000
21010,100,6465.5171
21021,100,6493.5063
21031,100,7352.9414
21042,100,6198.3472
21053,100,7109.0049
21064,100,6912.4424
21075,100,6302.5210
21086,100,7462.6865
21097,100,6437.7681
21108,100,6666.6665
21119,100,7352.9414
21130,100,7653.0610
21141,100,6726.4575
21152,100,6880.7339
21163,100,6465.5171
21174,100,8108.1079
21184,100,6437.7681
21195,100,6787.3301
21206,100,7317.0732
21217,100,6250.0000
21228,100,7142.8569
21239,100,6880.7339
21250,100,6437.7681
21261,100,7425.7427
21272,100,6465.5171
21283,100,6696.4287
21294,100,7352.9414
21305,100,6276.1504
21316,100,7177.0337
21326,100,6880.7339
21337,100,6521.7393
21348,100,7425.7427
21359,100,6224.0664
21370,100,6756.7568
21381,100,7317.0732
21392,100,6276.1504
21403,100,7425.7427
21414,100,6521.7393
21425,100,6437.7681
21436,100,7317.0732
21447,100,6224.0664
21457,100,7211.5386
21468,100,7352.9414
21483,100,6521.7393
21494,100,6696.4287
21505,100,7389.1626
21516,100,6276.1504
21527,100,7109.0049
21538,100,6880.7339
21549,100,6355.9321
21560,100,7500.0000
21571,100,6465.5171
21582,100,6696.4287
21593,100,7281.5532
21604,100,7772.0205
21614,100,7109.0049
21625,100,6912.4424
21636,100,6410.2563
21647,100,7109.0049
21658,100,6493.5063
21669,100,6696.4287
21680,100,7281.5532
21691,100,6276.1504
21702,100,7246.3770
21713,100,6880.7339
21724,100,6382.9785
21735,100,7575.7578
21746,100,6465.5171
21757,100,6666.6665
21768,100,7317.0732
21778,100,6224.0664
21789,100,7142.8569
21800,100,6849.3149
21811,100,6521.7393
21822,100,7575.7578
21833,100,6224.0664
21844,100,6756.7568
21855,100,7281.5532
21866,100,6250.0000
21877,100,7614.2134
21888,100,6493.5063
21898,100,6521.7393
21909,100,7352.9414
21920,100,6224.0664
21931,100,7211.5386
21942,100,6912.4424
21953,100,6382.9785
21964,100,7614.2134
21975,100,6493.5063
21986,100,6696.4287
21997,100,7352.9414
22008,100,7653.0610
22019,100,7142.8569
22029,100,6912.4424
22044,100,6250.0000
22055,100,6329.1138
22067,90,7352.9414
22078,90,6172.8394
22089,90,7142.8569
22100,90,7281.5532
22111,90,6276.1504
22122,90,7075.4717
22133,90,6465.5171
22144,90,6726.4575
22155,90,7352.9414
22166,90,6198.3472
22177,90,7042.2534
22188,90,6912.4424
22199,90,6355.9321
22210,90,7425.7427
22221,90,6410.2563
22231,90,6637.1680
22242,90,7246.3770
22253,90,6172.8394
22264,90,6726.4575
22275,90,6818.1816
22286,90,6410.2563
22297,90,7009.3457
22308,90,6172.8394
22319,90,7109.0049
22330,90,7142.8569
22341,90,6276.1504
22352,90,7317.0732
22363,90,6410.2563
22374,90,6666.6665
22384,90,7281.5532
22395,90,6172.8394
22406,90,7009.3457
22417,90,6787.3301
22428,90,6355.9321
22439,90,7389.1626
22450,90,6147.5410
22461,90,6550.2183
22472,90,7246.3770
22483,90,6250.0000
22494,90,7500.0000
22504,90,6410.2563
22515,90,6726.4575
22526,90,7246.3770
22537,90,6172.8394
22548,90,7042.2534
22559,90,6880.7339
22570,90,6355.9321
22581,90,7389.1626
22592,90,6410.2563
22603,90,6607.9297
22614,90,7389.1626
22625,90,6198.3472
22672,90,7042.2534
22683,90,6818.1816
22694,90,6276.1504
22705,90,7352.9414
22716,90,6493.5063
22727,90,6578.9473
22738,90,7211.5386
22749,90,6122.4492
22760,90,7042.2534
22771,90,6818.1816
22781,90,6355.9321
22792,90,7500.0000
22803,90,6198.3472
22814,90,6696.4287
22825,90,7177.0337
22836,90,6250.0000
22847,90,7500.0000
22858,90,6410.2563
22869,90,6696.4287
22880,90,7317.0732
22891,90,6172.8394
22901,90,6696.4287
22912,90,6849.3149
22923,90,6329.1138
22934,90,7389.1626
22945,90,6521.7393
22956,90,6696.4287
22967,90,7317.0732
22978,90,6172.8394
22989,90,7109.0049
23000,90,6787.3301
23011,90,6437.7681
23022,90,7462.6865
23033,90,6172.8394
23044,90,7042.2534
23055,90,7317.0732
23065,90,6250.0000
23076,90,7389.1626
23087,90,6493.5063
23098,90,6726.4575
23109,90,7317.0732
23120,90,6097.5610
23131,90,7109.0049
23142,90,6880.7339
23153,90,6355.9321
23164,90,7462.6865
23175,90,6465.5171
23186,90,6666.6665
23197,90,7211.5386
23207,90,6198.3472
23218,90,7425.7427
23229,90,6944.4443
23240,90,6437.7681
23251,90,7317.0732
23266,90,6912.4424
23277,90,6302.5210
23288,90,7462.6865
23299,90,6465.5171
23310,90,6578.9473
23321,90,7352.9414
23332,90,6147.5410
23343,90,7211.5386
23354,90,6787.3301
23364,90,6329.1138
23375,90,7425.7427
23386,90,6521.7393
23397,90,6666.6665
23408,90,7177.0337
23419,90,6172.8394
23430,90,7500.0000
23441,90,6493.5063
23452,90,6493.5063
23463,90,7317.0732
23474,90,5928.8535
23485,90,7075.4717
23496,90,6818.1816
23507,90,6355.9321
23517,90,7389.1626
23528,90,6465.5171
23539,90,6726.4575
23550,90,7246.3770
23561,90,6147.5410
23572,90,7075.4717
23583,90,6818.1816
23594,90,6382.9785
23605,90,7425.7427
23616,90,6465.5171
23627,90,6666.6665
23638,90,7317.0732
23649,90,6224.0664
23660,90,7462.6865
23670,90,6437.7681
23681,90,6437.7681
23692,90,7317.0732
23703,90,6250.0000
23714,90,7211.5386
23725,90,6849.3149
23736,90,6250.0000
23747,90,7389.1626
23758,90,6465.5171
23769,90,6696.4287
23780,90,7246.3770
23791,90,6147.5410
23802,90,7142.8569
23812,90,6880.7339
23823,90,6329.1138
23834,90,7389.1626
23849,90,7211.5386
23860,90,6250.0000
23871,90,7462.6865
23882,90,6410.2563
23893,90,6465.5171
23904,90,7281.5532
23915,90,6224.0664
23926,90,7142.8569
23937,90,6818.1816
23948,90,6302.5210
23958,90,7389.1626
23969,90,6382.9785
23980,90,6696.4287
23991,90,7211.5386
24002,90,6172.8394
24013,90,7177.0337
24024,90,6818.1816
24035,90,6410.2563
24046,90,7246.3770
24057,90,6224.0664
24069,80,6550.2183
24080,80,7142.8569
24091,80,5905.5117
24102,80,7142.8569
24113,80,6097.5610
24124,80,6224.0664
24134,80,6302.5210
24145,80,5882.3530
24156,80,6578.9473
24167,80,5597.0151
24178,80,6666.6665
24189,80,5769.2310
24200,80,7653.0610
24211,80,7177.0337
24222,80,5681.8184
24233,80,6329.1138
24244,80,5357.1431
24255,80,7731.9590
24266,80,5357.1431
24276,80,7853.4033
24287,80,5338.0781
24298,80,6072.8745
24309,80,6550.2183
24320,80,6048.3872
24331,80,7009.3457
24342,80,5639.0977
24353,80,6122.4492
24364,80,6521.7393
24375,80,6122.4492
24385,80,5300.3535
24396,80,7425.7427
24407,80,5154.6392
24418,80,6172.8394
24429,80,5190.3115
24444,80,5617.9775
24455,80,5791.5059
24466,80,6465.5171
24477,80,7462.6865
24488,80,5905.5117
24499,80,6097.5610
24510,80,5208.3335
24521,80,5928.8535
24532,80,5190.3115
24542,80,6224.0664
24553,80,5244.7554
24564,80,5882.3530
24575,80,5395.6836
24586,80,7109.0049
24597,80,5747.1265
24608,80,5597.0151
24619,80,5703.4219
24630,80,5617.9775
24641,80,7317.0732
24652,80,5319.1489
24663,80,6097.5610
24674,80,5244.7554
24684,80,6122.4492
24695,80,5190.3115
24706,80,6147.5410
24717,80,5172.4136
24728,80,6224.0664
24739,80,5000.0000
24750,80,5928.8535
24761,80,5415.1626
24772,80,5882.3530
24783,80,5190.3115
24794,80,5576.2080
24804,80,5725.1909
24815,80,5639.0977
24826,80,6072.8745
24837,80,5415.1626
24848,80,7317.0732
24859,80,5244.7554
24870,80,6097.5610
24881,80,6097.5610
24892,80,6198.3472
24903,80,4983.3887
24914,80,7500.0000
24924,80,6097.5610
24935,80,7177.0337
24946,80,5338.0781
24957,80,7281.5532
24968,80,5415.1626
24979,80,5597.0151
24990,80,5725.1909
25001,80,6696.4287
25012,80,6024.0962
25023,80,5357.1431
25069,80,6122.4492
25081,80,6666.6665
25092,80,5395.6836
25103,80,5535.0552
25114,80,5725.1909
25125,80,6666.6665
25136,80,5639.0977
25146,80,6302.5210
25157,80,6097.5610
25168,80,5281.6899
25179,80,6048.3872
25190,80,5190.3115
25201,80,6198.3472
25212,80,6097.5610
25223,80,7537.6885
25234,80,5208.3335
25245,80,7575.7578
25256,80,5415.1626
25267,80,7142.8569
25278,80,5376.3442
25288,80,5535.0552
25299,80,5514.7061
25310,80,5597.0151
25321,80,6912.4424
25332,80,5395.6836
25343,80,6024.0962
25354,80,5084.7456
25365,80,6097.5610
25376,80,5208.3335
25387,80,6198.3472
25398,80,5172.4136
25408,80,6147.5410
25419,80,5102.0410
25430,80,6172.8394
25441,80,5244.7554
25452,80,7109.0049
25463,80,5376.3442
25474,80,7177.0337
25485,80,5725.1909
25496,80,6578.9473
25507,80,5725.1909
25518,80,5434.7827
25529,80,7352.9414
25540,80,6276.1504
25550,80,5747.1265
25561,80,5226.4810
25572,80,6048.3872
25583,80,5154.6392
25594,80,6122.4492
25605,80,6147.5410
25616,80,7500.0000
25627,80,5226.4810
25638,80,5859.3750
25649,80,5376.3442
25663,80,5319.1489
25675,80,6000.0000
25686,80,5000.0000
25696,80,6198.3472
25707,80,5172.4136
25718,80,6224.0664
25729,80,5000.0000
25740,80,7614.2134
25751,80,5172.4136
25762,80,5928.8535
25773,80,5357.1431
25784,80,5952.3809
25795,80,6787.3301
25806,80,5514.7061
25816,80,5747.1265
25827,80,5617.9775
25838,80,6024.0962
25849,80,5357.1431
25860,80,5813.9536
25871,80,5172.4136
25882,80,6097.5610
25893,80,5154.6392
25904,80,6302.5210
25915,80,5172.4136
25926,80,7653.0610
25936,80,5208.3335
25947,80,5952.3809
25958,80,5454.5454
25969,80,5952.3809
25980,80,5415.1626
25991,80,5555.5557
26002,80,5725.1909
26013,80,5617.9775
26024,80,6024.0962
26035,80,5434.7827
26046,80,7042.2534
26057,80,5263.1577
26068,80,6072.8745
26079,70,5154.6392
26090,70,6048.3872
26101,70,5050.5049
26112,70,5952.3809
26123,70,4918.0327
26134,70,6976.7441
26145,70,4615.3848
26156,70,6756.7568
26167,70,4716.9810
26178,70,6696.4287
26189,70,4658.3853
26200,70,5555.5557
26211,70,4573.1709
26222,70,5226.4810
26233,70,4687.5000
26243,70,5319.1489
26258,70,4518.0723
26269,70,5357.1431
26280,70,4545.4546
26291,70,6122.4492
26302,70,4559.2705
26313,70,5136.9863
26324,70,4587.1558
26335,70,5597.0151
26346,70,5813.9536
26357,70,4451.0386
26368,70,5791.5059
26378,70,4360.4653
26389,70,6147.5410
26400,70,4792.3320
26411,70,5136.9863
26422,70,4464.2856
26433,70,5319.1489
26443,70,4658.3853
26454,70,4373.1777
26465,70,4934.2104
26476,70,4360.4653
26487,70,6097.5610
26498,70,5016.7222
26509,70,4870.1299
26520,70,4411.7646
26531,70,5033.5571
26542,70,4716.9810
26552,70,4777.0698
26563,70,5494.5054
26574,70,5226.4810
26585,70,5190.3115
26596,70,4918.0327
26607,70,5172.4136
26618,70,4360.4653
26629,70,5859.3750
26640,70,4966.8872
26651,70,5263.1577
26662,70,4643.9629
26673,70,4966.8872
26684,70,4731.8613
26694,70,4347.8262
26705,70,5136.9863
26716,70,4166.6665
26727,70,4854.3691
26738,70,4297.9941
26749,70,5050.5049
26760,70,4629.6294
26771,70,5514.7061
26782,70,5681.8184
26792,70,4934.2104
26803,70,5084.7456
26814,70,4918.0327
26825,70,5859.3750
26840,70,4297.9941
26851,70,6072.8745
26862,70,4360.4653
26873,70,5836.5757
26884,70,4477.6118
26895,70,4573.1709
26906,70,4573.1709
26917,70,4491.0181
26927,70,4761.9048
26938,70,4934.2104
26949,70,5067.5674
26960,70,4166.6665
26971,70,5952.3809
26982,70,5016.7222
26993,70,4823.1514
27004,70,5172.4136
27015,70,4531.7222
27026,70,4885.9937
27037,70,4213.4829
27048,70,5136.9863
27059,70,4178.2729
27069,70,4870.1299
27080,70,4411.7646
27091,70,5882.3530
27102,70,5338.0781
27113,70,4731.8613
27124,70,4885.9937
27143,70,5859.3750
27154,70,4285.7144
27165,70,5836.5757
27176,70,5263.1577
27186,70,5084.7456
27197,70,5660.3774
27208,70,4672.8970
27219,70,4854.3691
27230,70,4672.8970
27241,70,4854.3691
27252,70,4385.9648
27263,70,4966.8872
27274,70,5208.3335
27285,70,5154.6392
27296,70,4672.8970
27307,70,4285.7144
27317,70,4870.1299
27328,70,4261.3638
27339,70,5033.5571
27350,70,4437.8696
27361,70,4545.4546
27372,70,4411.7646
27383,70,5084.7456
27394,70,4746.8354
27405,70,4934.2104
27416,70,6000.0000
27427,70,4823.1514
27474,70,4213.4829
27486,70,5905.5117
27497,70,4491.0181
27508,70,5434.7827
27518,70,5244.7554
27529,70,4464.2856
27540,70,5725.1909
27551,70,4273.5044
27562,70,5154.6392
27573,70,4885.9937
27584,70,5033.5571
27595,70,5154.6392
27606,70,5514.7061
27617,70,4464.2856
27628,70,4360.4653
27639,70,5639.0977
27650,70,4166.6665
27660,70,5190.3115
27671,70,4347.8262
27682,70,4838.7095
27693,70,5136.9863
27704,70,4761.9048
27715,70,5300.3535
27726,70,5033.5571
27737,70,5660.3774
27748,70,4934.2104
27759,70,5119.4541
27769,70,4166.6665
27780,70,5703.4219
27791,70,4491.0181
27802,70,5514.7061
27813,70,4437.8696
27824,70,4451.0386
27835,70,5703.4219
27846,70,4189.9443
27857,70,5136.9863
27868,70,4297.9941
27878,70,4885.9937
27889,70,4273.5044
27900,70,5791.5059
27911,70,4629.6294
27922,70,5474.4526
27933,70,5791.5059
27944,70,4870.1299
27955,70,5836.5757
27966,70,4285.7144
27977,70,5016.7222
27988,70,4261.3638
27999,70,5000.0000
28010,70,4615.3848
28020,70,4777.0698
28031,70,5769.2310
28042,70,5119.4541
28053,70,5190.3115
28068,70,5102.0410
28080,60,4870.1299
28091,60,4746.8354
28102,60,5703.4219
28113,60,4076.0869
28124,60,5357.1431
28135,60,4132.2314
28146,60,4934.2104
28156,60,4437.8696
28167,60,4335.2603
28178,60,4491.0181
28189,60,4424.7788
28200,60,4687.5000
28211,60,4966.8872
28222,60,4178.2729
28232,60,4297.9941
28243,60,3836.3171
28254,60,3836.3171
28265,60,4166.6665
28276,60,4087.1934
28287,60,4518.0723
28298,60,4629.6294
28309,60,3512.8806
28320,60,4098.3608
28331,60,4132.2314
28341,60,3703.7036
28352,60,4746.8354
28363,60,3579.9521
28374,60,3906.2500
28385,60,4518.0723
28396,60,3440.3669
28407,60,4587.1558
28418,60,3685.5037
28429,60,3947.3684
28440,60,4132.2314
28450,60,3579.9521
28461,60,4155.1245
28472,60,3957.7837
28483,60,3386.0044
28494,60,4615.3848
28505,60,3740.6484
28516,60,3464.2031
28527,60,4629.6294
28538,60,3968.2539
28548,60,3896.1040
28559,60,4518.0723
28570,60,3333.3333
28581,60,4155.1245
28592,60,4261.3638
28603,60,3722.0845
28614,60,4098.3608
28625,60,3605.7693
28636,60,3496.5034
28646,60,4010.6951
28661,60,3846.1538
28672,60,4054.0540
28683,60,4285.7144
28694,60,3750.0000
28705,60,4360.4653
28715,60,4010.6951
28726,60,3937.0078
28737,60,4109.5889
28748,60,3856.0410
28759,60,4166.6665
28770,60,4132.2314
28781,60,3348.2144
28792,60,4065.0408
28803,60,4285.7144
28813,60,3740.6484
28824,60,4065.0408
28835,60,3731.3433
28846,60,4010.6951
28857,60,4087.1934
28868,60,3826.5305
28879,60,4143.6465
28890,60,4518.0723
28900,60,3488.3721
28911,60,4032.2581
28922,60,4285.7144
28933,60,3472.2222
28944,60,3978.7798
28955,60,3740.6484
28966,60,3614.4578
28977,60,4000.0000
28987,60,3826.5305
28998,60,4297.9941
29009,60,4120.8789
29020,60,3464.2031
29031,60,4398.8271
29042,60,3937.0078
29053,60,3865.9795
29064,60,3957.7837
29075,60,4043.1267
29085,60,3926.7017
29096,60,4687.5000
29107,60,3571.4285
29118,60,4143.6465
29129,60,3957.7837
29140,60,3759.3984
29151,60,4385.9648
29162,60,4000.0000
29173,60,3512.8806
29184,60,4398.8271
29195,60,3989.3618
29205,60,3937.0078
29216,60,4504.5044
29227,60,3846.1538
29238,60,3846.1538
29252,60,3759.3984
29264,60,3916.4490
29275,60,4132.2314
29286,60,3480.2783
29297,60,4143.6465
29308,60,3947.3684
29318,60,3464.2031
29329,60,4385.9648
29340,60,3957.7837
29351,60,3750.0000
29362,60,3968.2539
29373,60,3768.8442
29384,60,3658.5366
29395,60,3968.2539
29406,60,3579.9521
29417,60,3640.7766
29427,60,4310.3447
29438,60,3768.8442
29449,60,4424.7788
29460,60,3712.8713
29471,60,3424.6575
29482,60,3968.2539
29493,60,3937.0078
29504,60,3614.4578
29515,60,4731.8613
29525,60,3836.3171
29536,60,3875.9690
29547,60,4273.5044
29558,60,3488.3721
29569,60,4065.0408
29580,60,3750.0000
29591,60,3916.4490
29602,60,3989.3618
29613,60,4010.6951
29624,60,4155.1245
29634,60,4155.1245
29645,60,3886.0103
29656,60,4273.5044
29667,60,4310.3447
29678,60,3722.0845
29689,60,4615.3848
29700,60,4021.4478
29711,60,4032.2581
29722,60,4166.6665
29732,60,3554.5024
29743,60,4166.6665
29754,60,4559.2705
29765,60,3496.5034
29776,60,4411.7646
29787,60,4437.8696
29798,60,3750.0000
29809,60,4643.9629
29819,60,4225.3521
29830,60,3926.7017
29882,60,3989.3618
29893,60,4189.9443
29904,60,4261.3638
29915,60,3496.5034
29926,60,4076.0869
29937,60,3731.3433
29948,60,3731.3433
29959,60,4155.1245
29970,60,3623.1885
29981,60,3529.4119
29991,60,4155.1245
30002,60,3432.4944
30013,60,4155.1245
30024,60,4297.9941
30035,60,3750.0000
30046,60,4373.1777
30057,60,4021.4478
30068,60,3722.0845
30078,60,4155.1245
30090,50,3937.0078
30101,50,4054.0540
30112,50,4398.8271
30123,50,3667.4817
30134,50,3978.7798
30145,50,4213.4829
30156,50,3401.3606
30167,50,3409.0908
30177,50,3579.9521
30188,50,3378.3784
30199,50,3311.2583
30210,50,3432.4944
30221,50,3260.8696
30232,50,3073.7705
30243,50,3740.6484
30254,50,3112.0332
30264,50,3099.1736
30275,50,3614.4578
30286,50,3144.6541
30297,50,2835.5388
30308,50,3340.7573
30319,50,3177.9661
30330,50,2895.7529
30341,50,3118.5032
30352,50,3303.9648
30363,50,3275.1091
30374,50,2788.1040
30384,50,3151.2605
30395,50,3067.4846
30406,50,2982.1074
30417,50,3296.7034
30428,50,3198.2942
30439,50,3099.1736
30450,50,3048.7805
30464,50,3512.8806
30475,50,3073.7705
30486,50,2994.0120
30497,50,3184.7134
30508,50,3012.0481
30519,50,2873.5632
30530,50,3164.5569
30541,50,3488.3721
30552,50,3000.0000
30562,50,2988.0479
30573,50,3393.6650
30584,50,2846.2998
30595,50,2717.3914
30606,50,3225.8064
30617,50,3151.2605
30628,50,2946.9548
30639,50,2830.1887
30650,50,3105.5901
30661,50,3144.6541
30671,50,2918.2878
30682,50,3073.7705
30693,50,3529.4119
30704,50,2772.6433
30715,50,3012.0481
30726,50,3125.0000
30737,50,2879.0786
30747,50,2640.8450
30758,50,3340.7573
30769,50,3386.0044
30780,50,2782.9314
30791,50,2752.2935
30802,50,3211.9915
30813,50,2835.5388
30824,50,2918.2878
30834,50,3118.5032
30845,50,3232.7585
30856,50,2929.6875
30867,50,3036.4373
30878,50,3432.4944
30889,50,3048.7805
30900,50,2830.1887
30910,50,3125.0000
30921,50,2901.3540
30932,50,2712.4773
30943,50,3042.5964
30954,50,3177.9661
30965,50,2824.8586
30976,50,2912.6213
30987,50,3125.0000
30997,50,3246.7532
31008,50,2702.7026
31019,50,3030.3030
31030,50,3211.9915
31041,50,3067.4846
31055,50,3018.1086
31066,50,3080.0820
31077,50,2879.0786
31088,50,2912.6213
31099,50,2906.9768
31110,50,3393.6650
31121,50,2717.3914
31132,50,2994.0120
31143,50,3480.2783
31154,50,3073.7705
31164,50,2650.1768
31175,50,3232.7585
31186,50,3401.3606
31197,50,2935.4207
31208,50,2752.2935
31219,50,3340.7573
31230,50,2830.1887
31240,50,2906.9768
31251,50,3232.7585
31262,50,3562.9453
31273,50,2712.4773
31284,50,2970.2971
31295,50,3340.7573
31306,50,2901.3540
31317,50,2906.9768
31327,50,3211.9915
31338,50,3440.3669
31349,50,2697.8418
31360,50,2747.2527
31371,50,3325.9424
31382,50,3061.2246
31393,50,2645.5027
31404,50,3246.7532
31415,50,3440.3669
31426,50,2941.1765
31436,50,2737.2263
31447,50,3311.2583
31458,50,2890.1733
31469,50,2923.9766
31480,50,3333.3333
31491,50,3409.0908
31502,50,2702.7026
31513,50,2742.2305
31523,50,3464.2031
31534,50,3177.9661
31545,50,2650.1768
31556,50,3144.6541
31567,50,3296.7034
31578,50,2946.9548
31589,50,2752.2935
31600,50,3211.9915
31610,50,3080.0820
31621,50,2929.6875
31632,50,3318.5840
31646,50,3239.7407
31658,50,2654.8672
31669,50,3211.9915
31680,50,3537.7358
31691,50,2918.2878
31701,50,2752.2935
31712,50,3370.7866
31723,50,3151.2605
31734,50,2906.9768
31745,50,3125.0000
31756,50,3571.4285
31767,50,2935.4207
31777,50,3000.0000
31788,50,3318.5840
31799,50,3061.2246
31810,50,2645.5027
31821,50,3253.7961
31832,50,3386.0044
31843,50,2712.4773
31854,50,3030.3030
31865,50,3348.2144
31876,50,2840.9092
31887,50,2918.2878
31897,50,2912.6213
31908,50,3151.2605
31919,50,2702.7026
31930,50,2752.2935
31941,50,3432.4944
31952,50,3048.7805
31963,50,2645.5027
31974,50,3144.6541
31984,50,3131.5239
31995,50,2941.1765
32006,50,2994.0120
32017,50,3393.6650
32028,50,3061.2246
32039,50,2918.2878
32050,50,3432.4944
32060,50,3440.3669
32071,50,2941.1765
32082,50,2742.2305
32094,40,3151.2605
32105,40,3030.3030
32116,40,2533.7837
32127,40,2683.3630
32138,40,2846.2998
32149,40,2512.5627
32159,40,2533.7837
32170,40,2819.5488
32181,40,2890.1733
32192,40,2608.6956
32203,40,2332.8149
32214,40,2604.1667
32224,40,2803.7383
32272,40,2599.6533
32284,40,2212.3894
32294,40,2170.7671
32305,40,2225.5193
32316,40,2521.0083
32327,40,2407.7046
32338,40,2155.1724
32349,40,2100.8403
32360,40,2215.6572
32371,40,2336.4485
32381,40,2225.5193
32392,40,2097.9021
32403,40,2038.0435
32414,40,2388.5349
32425,40,2314.8147
32436,40,2215.6572
32447,40,2057.6133
32458,40,2259.0361
32468,40,2400.0000
32479,40,2186.5889
32490,40,2118.6440
32501,40,2016.1290
32512,40,2235.4695
32523,40,2442.9968
32533,40,2164.5022
32544,40,1963.3508
32555,40,2024.2915
32566,40,2232.1428
32577,40,2259.0361
32588,40,2152.0803
32599,40,1932.9897
32609,40,2112.6760
32620,40,2209.1311
32631,40,2427.1846
32642,40,2170.7671
32653,40,1994.6809
32664,40,2080.4438
32674,40,2347.4177
32685,40,2272.7273
32696,40,2164.5022
32707,40,1870.3242
32718,40,2225.5193
32729,40,2377.1792
32740,40,2293.5779
32751,40,2094.9722
32761,40,1994.6809
32772,40,2205.8823
32783,40,2419.3547
32794,40,2272.7273
32805,40,2080.4438
32816,40,2024.2915
32827,40,2205.8823
32838,40,2419.3547
32852,40,2158.2734
32863,40,1898.7341
32874,40,2089.1365
32885,40,2225.5193
32896,40,2272.7273
32907,40,1976.2845
32918,40,1997.3369
32928,40,2097.9021
32939,40,2343.7500
32950,40,2142.8572
32961,40,2054.7944
32972,40,2018.8425
32983,40,2086.2310
32993,40,2396.1660
33004,40,2272.7273
33015,40,2043.5967
33026,40,2002.6702
33037,40,2086.2310
33048,40,2384.7378
33059,40,2158.2734
33069,40,1915.7089
33080,40,2080.4438
33091,40,2329.1926
33102,40,2396.1660
33113,40,2145.9229
33124,40,2032.5204
33135,40,2077.5623
33145,40,2192.9824
33156,40,2380.9524
33167,40,2148.9971
33178,40,1989.3899
33189,40,2071.8232
33200,40,2307.6924
33211,40,2272.7273
33222,40,2000.0000
33232,40,1976.2845
33243,40,2212.3894
33254,40,2354.7881
33265,40,2283.1050
33276,40,2077.5623
33287,40,1986.7550
33298,40,2083.3333
33308,40,2427.1846
33319,40,2286.5854
33330,40,2060.4395
33341,40,2000.0000
33352,40,2215.6572
33363,40,2396.1660
33374,40,2152.0803
33385,40,2024.2915
33395,40,2086.2310
33406,40,2304.1475
33417,40,2380.9524
33428,40,2161.3833
33442,40,1994.6809
33453,40,2205.8823
33464,40,2212.3894
33475,40,2262.4434
33486,40,2089.1365
33497,40,2008.0321
33508,40,2196.1934
33519,40,2377.1792
33529,40,2272.7273
33540,40,2051.9836
33551,40,2002.6702
33562,40,2215.6572
33573,40,2415.4590
33584,40,2167.6301
33595,40,2024.2915
33605,40,2077.5623
33616,40,2325.5813
33627,40,2380.9524
33638,40,2032.5204
33649,40,2013.4229
33660,40,2086.2310
33671,40,2329.1926
33682,40,2411.5757
33692,40,2038.0435
33703,40,1905.9720
33714,40,2089.1365
33725,40,2325.5813
33736,40,2276.1760
33747,40,1976.2845
33758,40,1901.1406
33768,40,2209.1311
33779,40,2347.4177
33790,40,2283.1050
33801,40,1978.8918
33812,40,1905.9720
33823,40,2209.1311
33834,40,2407.7046
33844,40,2276.1760
33855,40,2049.1804
33866,40,2000.0000
33877,40,2199.4136
33888,40,2245.5090
33899,40,2035.2782
33910,40,2027.0270
33920,40,2071.8232
33931,40,2307.6924
33942,40,2384.7378
33953,40,2040.8163
33964,40,2027.0270
33975,40,2077.5623
33986,40,2340.0935
33996,40,2400.0000
34007,40,2043.5967
34018,40,2016.1290
34032,40,2228.8262
34044,40,2384.7378
34055,40,2148.9971
34066,40,1958.2245
34077,40,2000.0000
34087,40,2329.1926
34099,30,2396.1660
34110,30,2063.2737
34121,30,1807.2289
34132,30,1865.6716
34143,30,1838.2354
34153,30,2054.7944
34164,30,1884.4221
34175,30,1623.3766
34186,30,1597.4441
34197,30,1628.6646
34208,30,1779.3594
34219,30,1811.5942
34229,30,1696.8325
34240,30,1597.4441
34251,30,1464.8438
34262,30,1435.4067
34273,30,1560.8741
34284,30,1633.9869
34295,30,1650.1650
34306,30,1524.3903
34317,30,1413.7606
34328,30,1342.8827
34339,30,1381.2155
34350,30,1439.5393
34360,30,1510.5740
34371,30,1569.0376
34382,30,1454.8982
34393,30,1351.3513
34404,30,1299.8267
34415,30,1283.1479
34426,30,1388.8889
34437,30,1470.5883
34448,30,1524.3903
34458,30,1428.5714
34469,30,1361.1615
34480,30,1287.5536
34491,30,1255.2301
34502,30,1298.7013
34513,30,1363.6364
34523,30,1461.9883
34534,30,1492.5374
34545,30,1399.2538
34556,30,1286.4493
34567,30,1245.8472
34578,30,1234.5679
34589,30,1276.5957
34600,30,1419.1107
34610,30,1469.1479
34658,30,1229.5082
34669,30,1258.3893
34680,30,1340.4825
34691,30,1439.5393
34702,30,1464.8438
34713,30,1358.6957
34724,30,1273.3446
34734,30,1219.5122
34745,30,1225.4902
34756,30,1325.0884
34767,30,1413.7606
34778,30,1464.8438
34789,30,1369.8630
34800,30,1290.8778
34811,30,1237.6238
34821,30,1200.9608
34832,30,1265.8228
34843,30,1344.0861
34854,30,1412.4293
34865,30,1440.9222
34876,30,1378.6765
34887,30,1313.4851
34897,30,1257.3345
34908,30,1221.4984
34919,30,1250.0000
34930,30,1333.3334
34941,30,1434.0344
34952,30,1452.0813
34962,30,1368.6132
34973,30,1302.0834
34984,30,1217.5325
34995,30,1218.5215
35006,30,1265.8228
35017,30,1386.3217
35028,30,1442.3077
35039,30,1449.2754
35049,30,1351.3513
35060,30,1262.6262
35071,30,1214.5750
35082,30,1219.5122
35093,30,1326.2599
35104,30,1408.4507
35115,30,1456.3107
35125,30,1368.6132
35136,30,1300.9540
35147,30,1246.8828
35158,30,1218.5215
35169,30,1255.2301
35180,30,1328.6094
35191,30,1420.4546
35201,30,1442.3077
35212,30,1373.6263
35223,30,1300.9540
35234,30,1252.0868
35249,30,1210.6538
35260,30,1251.0425
35271,30,1405.8107
35282,30,1461.9883
35293,30,1440.9222
35303,30,1300.9540
35314,30,1258.3893
35325,30,1217.5325
35336,30,1207.7295
35347,30,1326.2599
35358,30,1399.2538
35369,30,1445.0867
35380,30,1373.6263
35391,30,1297.5779
35401,30,1235.5848
35412,30,1205.7878
35423,30,1247.9202
35434,30,1329.7872
35445,30,1407.1295
35456,30,1453.4884
35467,30,1362.3978
35478,30,1307.7594
35489,30,1221.4984
35499,30,1217.5325
35510,30,1261.5643
35521,30,1329.7872
35532,30,1411.1007
35543,30,1438.1592
35554,30,1363.6364
35565,30,1257.3345
35576,30,1208.7026
35587,30,1224.4897
35597,30,1326.2599
35608,30,1405.8107
35619,30,1457.7260
35630,30,1361.1615
35641,30,1289.7678
35652,30,1258.3893
35663,30,1221.4984
35673,30,1273.3446
35684,30,1335.7079
35695,30,1405.8107
35706,30,1453.4884
35717,30,1372.3696
35728,30,1300.9540
35739,30,1239.6694
35750,30,1217.5325
35760,30,1259.4458
35771,30,1336.8984
35782,30,1434.0344
35793,30,1439.5393
35804,30,1377.4105
35815,30,1267.9628
35829,30,1213.5923
35840,30,1208.7026
35851,30,1322.7513
35862,30,1396.6481
35873,30,1467.7103
35884,30,1367.3656
35895,30,1307.7594
35906,30,1258.3893
35917,30,1215.5592
35927,30,1267.9628
35938,30,1327.4336
35949,30,1409.7744
35960,30,1440.9222
35971,30,1366.1202
35982,30,1313.4851
35993,30,1230.5168
36004,30,1208.7026
36015,30,1258.3893
36025,30,1383.7638
36036,30,1417.7694
36047,30,1463.4147
36058,30,1362.3978
36069,30,1260.5042
36080,30,1216.5450
36091,30,1207.7295
36103,20,1295.3368
36114,20,1308.9005
36124,20,1280.9564
36135,20,1187.6484
36146,20,1060.0707
36157,20,1000.0000
36168,20,928.7925
36178,20,858.6147
36189,20,856.1644
36200,20,836.1204
36211,20,850.3401
36222,20,855.1882
36232,20,852.7573
36243,20,855.1882
36254,20,855.1882
36265,20,742.9421
36276,20,728.5090
36287,20,670.8408
36297,20,642.6735
36308,20,627.8777
36319,20,599.0415
36330,20,590.3188
36340,20,580.9450
36351,20,586.3956
36362,20,583.2037
36373,20,866.0508
36384,20,614.5023
36394,20,612.7451
36405,20,629.7229
36416,20,647.6684
36427,20,722.1955
36441,20,562.4297
36452,20,552.2828
36463,20,512.9959
36474,20,523.1950
36485,20,510.3777
36496,20,500.0000
36506,20,474.6835
36517,20,481.3864
36528,20,513.8746
36539,20,598.5635
36550,20,689.0216
36560,20,763.3588
36571,20,954.8058
36582,20,951.7767
36593,20,1160.0928
36604,20,1748.2517
36615,20,8021.3901
36626,20,602.6517
36636,20,571.2109
36647,20,517.4198
36658,20,503.8629
36669,20,470.8098
36680,20,484.8093
36690,20,477.4029
36701,20,465.6939
36712,20,443.7870
36723,20,443.7870
36734,20,418.1768
36745,20,437.5729
36755,20,439.7537
36766,20,449.3709
36777,20,470.2194
36788,20,476.4930
36799,20,11194.0303
36810,20,10948.9053
36821,20,545.0582
36832,20,576.2582
36843,20,591.9495
36854,20,560.9574
36864,20,505.7316
36875,20,491.8033
36886,20,460.9711
36897,20,476.9475
36907,20,467.2897
36918,20,458.7156
36929,20,458.7156
36940,20,458.7156
36951,20,2225.5193
36962,20,1708.4282
36972,20,1506.0240
36983,20,1299.8267
36994,20,1118.5682
37005,20,1110.2887
37016,20,876.6803
37027,20,818.7773
37038,20,832.4084
37088,20,584.1121
37099,20,602.4097
37110,20,475.5865
37121,20,476.1905
37132,20,469.4836
37142,20,458.7156
37153,20,438.4683
37164,20,450.7212
37175,20,465.9832
37186,20,463.9654
37196,20,469.1899
37207,20,474.8338
37218,20,488.9178
37229,20,482.0051
37240,20,519.0311
37250,20,520.2914
37261,20,545.8515
37272,20,571.8643
37283,20,594.2948
37293,20,560.1195
37304,20,503.1869
37315,20,492.4491
37326,20,462.3921
37337,20,477.4029
37347,20,471.1055
37358,20,460.8295
37369,20,439.8827
37380,20,451.8072
37391,20,465.5493
37401,20,463.6785
37412,20,463.6785
37423,20,392.1569
37434,20,411.7486
37445,20,419.2286
37456,20,461.8227
37467,20,494.7230
37477,20,480.0000
37488,20,573.8332
37499,20,593.5892
37510,20,559.4927
37521,20,504.0323
37531,20,492.4491
37542,20,460.6880
37553,20,478.7743
37564,20,468.8965
37575,20,468.8965
37586,20,382.3604
37596,20,14423.0771
37607,20,2958.5798
37618,20,2189.7810
37629,20,1950.5852
37640,20,1646.5422
37651,20,1350.1350
37662,20,1320.4225
37673,20,965.8725
37683,20,905.2504
37698,20,546.0502
37709,20,574.9329
37720,20,593.1198
37731,20,557.6208
37741,20,502.0080
37752,20,490.6771
37763,20,459.4181
37774,20,475.7374
37785,20,464.5401
37795,20,457.1777
37806,20,434.5307
37817,20,434.5307
37828,20,422.4162
37839,20,422.4162
37849,20,8333.3330
37860,20,3750.0000
37871,20,2228.8262
37882,20,2043.5967
37893,20,1286.4493
37904,20,1176.4706
37915,20,1193.3174
37925,20,1575.6302
37936,20,6726.4575
37947,20,555.3499
37958,20,501.3369
37969,20,489.0773
37980,20,489.0773
37991,20,426.3786
38001,20,9433.9619
38012,20,2529.5110
38023,20,1327.4336
38034,20,748.8767
38045,20,550.6608
38056,20,494.0711
38067,20,458.2951
38077,20,465.1163
38088,20,472.5898
38099,20,486.8549
38111,10,469.9248
38122,10,421.2300
38132,10,421.2300
38143,10,311.1388
38154,10,295.8580
38165,10,295.8580
38175,10,227.1351
38186,10,227.1351
38197,10,227.1351
38208,10,238.0197
38219,10,238.0197
38229,10,238.0197
38240,10,238.0197
38251,10,238.0197
38261,10,238.0197
38272,10,238.0197
38283,10,238.0197
38293,10,238.0197
38307,10,238.0197
38318,10,238.0197
38329,10,238.0197
38340,10,238.0197
38350,10,238.0197
38361,10,238.0197
38372,10,238.0197
38382,10,238.0197
38393,10,238.0197
38403,10,238.0197
38414,10,238.0197
38425,10,238.0197
38435,10,238.0197
38446,10,238.0197
38457,10,238.0197
38467,10,238.0197
38478,10,238.0197
38489,10,238.0197
38499,10,238.0197
38510,10,238.0197
38521,10,238.0197
38531,10,238.0197
38542,10,238.0197
38552,10,238.0197
38563,10,238.0197
38574,10,238.0197
38584,10,238.0197
38595,10,238.0197
38606,10,238.0197
38616,10,238.0197
38627,10,238.0197
38638,10,238.0197
38648,10,238.0197
38659,10,238.0197
38670,10,238.0197
38680,10,238.0197
38691,10,238.0197
38701,10,238.0197
38712,10,238.0197
38723,10,238.0197
38733,10,238.0197
38744,10,238.0197
38755,10,238.0197
38765,10,238.0197
38776,10,238.0197
38787,10,238.0197
38797,10,238.0197
38808,10,238.0197
38819,10,238.0197
38829,10,238.0197
38840,10,238.0197
38850,10,238.0197
38861,10,238.0197
38872,10,238.0197
38882,10,238.0197
38893,10,238.0197
38904,10,238.0197
38918,10,238.0197
38929,10,238.0197
38939,10,238.0197
38950,10,238.0197
38961,10,238.0197
38971,10,238.0197
38982,10,238.0197
38993,10,238.0197
39003,10,238.0197
39014,10,238.0197
39025,10,238.0197
39035,10,238.0197
39046,10,238.0197
39057,10,238.0197
39067,10,238.0197
39078,10,238.0197
39088,10,238.0197
39099,10,238.0197
39110,10,238.0197
39120,10,238.0197
39131,10,238.0197
39142,10,238.0197
39152,10,238.0197
39163,10,238.0197
39174,10,238.0197
39184,10,238.0197
39195,10,238.0197
39206,10,238.0197
39216,10,238.0197
39227,10,238.0197
39237,10,238.0197
39248,10,238.0197
39259,10,238.0197
39269,10,238.0197
39280,10,238.0197
39291,10,238.0197
39301,10,238.0197
39312,10,238.0197
39323,10,238.0197
39333,10,238.0197
39344,10,238.0197
39355,10,238.0197
39365,10,238.0197
39376,10,238.0197
39386,10,238.0197
39397,10,238.0197
39408,10,238.0197
39418,10,238.0197
39429,10,238.0197
39440,10,238.0197
39450,10,238.0197
39461,10,238.0197
39472,10,238.0197
39482,10,238.0197
39493,10,238.0197
39504,10,238.0197
39514,10,238.0197
39561,10,238.0197
39572,10,238.0197
39583,10,238.0197
39594,10,238.0197
39604,10,238.0197
39615,10,238.0197
39626,10,238.0197
39636,10,238.0197
39647,10,238.0197
39658,10,238.0197
39668,10,238.0197
39679,10,238.0197
39690,10,238.0197
39700,10,238.0197
39711,10,238.0197
39722,10,238.0197
39732,10,238.0197
39743,10,238.0197
39754,10,238.0197
39764,10,238.0197
39775,10,238.0197
39785,10,238.0197
39796,10,238.0197
39807,10,238.0197
39817,10,238.0197
39828,10,238.0197
39839,10,238.0197
39849,10,238.0197
39860,10,238.0197
39871,10,238.0197
39881,10,238.0197
39892,10,238.0197
39903,10,238.0197
39913,10,238.0197
39924,10,238.0197
39934,10,238.0197
39945,10,238.0197
39956,10,238.0197
39966,10,238.0197
39977,10,238.0197
39988,10,238.0197
39998,10,238.0197
40009,10,238.0197
40020,10,238.0197
40030,10,238.0197
40041,10,238.0197
40052,10,238.0197
40062,10,238.0197
40073,10,238.0197
40084,10,238.0197
40094,10,238.0197
40105,10,238.0197
40116,0,238.0197
40127,0,238.0197
40138,0,238.0197
40148,0,238.0197
40162,0,238.0197
40174,0,238.0197
40184,0,238.0197
40195,0,238.0197
40206,0,238.0197
40216,0,238.0197
40227,0,238.0197
40238,0,238.0197
40248,0,238.0197
40259,0,238.0197
40269,0,238.0197
40280,0,238.0197
40291,0,238.0197
40301,0,238.0197
40312,0,238.0197
40323,0,238.0197
40333,0,238.0197
40344,0,238.0197
40355,0,238.0197
40365,0,238.0197
40376,0,238.0197
40387,0,238.0197
40397,0,238.0197
40408,0,238.0197
40419,0,238.0197
40429,0,238.0197
40440,0,238.0197
40450,0,238.0197
40461,0,238.0197
40472,0,238.0197
40482,0,238.0197
40493,0,238.0197
40504,0,238.0197
40514,0,238.0197
40525,0,238.0197
40536,0,238.0197
40546,0,238.0197
40557,0,238.0197
40568,0,238.0197
40578,0,238.0197
40589,0,238.0197
40599,0,238.0197
40610,0,238.0197
40621,0,238.0197
40631,0,238.0197
40642,0,238.0197
40653,0,238.0197
40663,0,238.0197
40674,0,238.0197
40685,0,238.0197
40695,0,238.0197
40706,0,238.0197
40717,0,238.0197
40727,0,238.0197
40738,0,238.0197
40748,0,238.0197
40759,0,238.0197
40770,0,238.0197
40780,0,238.0197
40791,0,238.0197
40805,0,238.0197
40816,0,238.0197
40827,0,238.0197
40837,0,238.0197
40848,0,238.0197
40859,0,238.0197
40869,0,238.0197
40880,0,238.0197
40891,0,238.0197
40901,0,238.0197
40912,0,238.0197
40923,0,238.0197
40933,0,238.0197
40944,0,238.0197
40954,0,238.0197
40965,0,238.0197
40976,0,238.0197
40986,0,238.0197
40997,0,238.0197
41008,0,238.0197
41018,0,238.0197
41029,0,238.0197
41040,0,238.0197
41050,0,238.0197
41061,0,238.0197
41072,0,238.0197
41082,0,238.0197
41093,0,238.0197
41103,0,238.0197
41114,0,238.0197
41125,0,238.0197
41135,0,238.0197
41146,0,238.0197
41157,0,238.0197
41167,0,238.0197
41178,0,238.0197
41189,0,238.0197
41199,0,238.0197
41210,0,238.0197
41221,0,238.0197
41231,0,238.0197
41242,0,238.0197
41252,0,238.0197
41263,0,238.0197
41274,0,238.0197
41284,0,238.0197
41295,0,238.0197
41306,0,238.0197
41316,0,238.0197
41327,0,238.0197
41338,0,238.0197
41348,0,238.0197
41359,0,238.0197
41370,0,238.0197
41380,0,238.0197
41391,0,238.0197
41402,0,238.0197
41412,0,238.0197
41423,0,238.0197
41433,0,238.0197
41447,0,238.0197
41458,0,238.0197
41469,0,238.0197
41480,0,238.0197
41490,0,238.0197
41501,0,238.0197
41512,0,238.0197
41522,0,238.0197
41533,0,238.0197
41544,0,238.0197
41554,0,238.0197
41565,0,238.0197
41576,0,238.0197
41586,0,238.0197
41597,0,238.0197
41608,0,238.0197
41618,0,238.0197
41629,0,238.0197
41640,0,238.0197
41650,0,238.0197
41661,0,238.0197
41671,0,238.0197
41682,0,238.0197
41693,0,238.0197
41703,0,238.0197
41722,0,238.0197
41732,0,238.0197
41743,0,238.0197
41754,0,238.0197
41764,0,238.0197
41775,0,238.0197
41786,0,238.0197
41796,0,238.0197
41807,0,238.0197
41817,0,238.0197
41828,0,238.0197
41839,0,238.0197
41849,0,238.0197
41860,0,238.0197
41871,0,238.0197
41881,0,238.0197
41892,0,238.0197
41903,0,238.0197
41913,0,238.0197
41924,0,238.0197
41935,0,238.0197
41945,0,238.0197
41956,0,238.0197
41966,0,238.0197
41977,0,238.0197
41988,0,238.0197
41998,0,238.0197
42009,0,238.0197
42020,0,238.0197
42030,0,238.0197
42041,0,238.0197
42052,0,238.0197
42062,0,238.0197
42073,0,238.0197
42084,0,238.0197
42094,0,238.0197
